"2.5CI","Median","97.5CI"
"1",22.4791019163633,26.8677449760275,31.5318889610909
"2",22.5505541361283,26.9102101034449,31.5506033215165
"3",22.6641415003809,26.9629406420346,31.5712596321739
"4",22.7681030498774,27.0202534669484,31.607782118574
"5",22.854427977606,27.0794208553532,31.6436072090103
"6",22.9416289886092,27.1337527128122,31.6730444534423
"7",23.0314650245729,27.1948555385869,31.7118782886669
"8",23.1192783367493,27.257234580735,31.744655150772
"9",23.2148967869544,27.3141608059072,31.7810111664441
"10",23.3006543700716,27.3745534925412,31.8136000989528
"11",23.3917279358929,27.4345724716772,31.8544489238873
"12",23.4738195725635,27.4950469708121,31.8876275315687
"13",23.5666576599562,27.5464326177969,31.9316036101162
"14",23.6514083321271,27.6111112893654,31.974446283123
"15",23.7366396257164,27.6730810347825,32.0055390173416
"16",23.8151712524511,27.7302104957035,32.0575200649701
"17",23.9059647852593,27.7935286146506,32.1047025792918
"18",23.9738845178484,27.8522464028655,32.1384461502005
"19",24.0500118758633,27.9116170206313,32.178135391915
"20",24.1232195163232,27.9789788161065,32.2283038812568
"21",24.1907500927874,28.0438007649959,32.2708644368741
"22",24.2493278639177,28.110954492841,32.3146916205665
"23",24.3215036284201,28.1800939054526,32.367573695005
"24",24.3928594792533,28.2486311598303,32.4040566125874
"25",24.4852306596397,28.3099626560826,32.4498820708083
"26",24.5789792691069,28.3816796501767,32.4943313395063
"27",24.6441651708428,28.4447716790734,32.5476635543223
"28",24.7226967335122,28.5067517292365,32.6220308266607
"29",24.8085506817857,28.5747440880714,32.6795146223809
"30",24.8728723836323,28.6405768657881,32.7398436762495
"31",24.936253780618,28.7099656502177,32.7924236028706
"32",25.0012257426395,28.7759947925014,32.8556269743605
"33",25.0716515536212,28.8514399063657,32.9198639156723
"34",25.146874497349,28.9216557219882,32.98264603908
"35",25.2196992582115,28.9970125139043,33.0450500062687
"36",25.302154152413,29.0694447170627,33.132249611165
"37",25.3634204154004,29.1407496645636,33.1934885099187
"38",25.4285591188124,29.2180398489944,33.2458881505675
"39",25.497119392967,29.2940937011246,33.300124961831
"40",25.5688874428083,29.3685179699319,33.3690159833338
"41",25.6462562271107,29.446232121083,33.4504106220643
"42",25.7202718083215,29.5251260182139,33.5167240928617
"43",25.7939407469905,29.6001421447386,33.6004393614615
"44",25.8623196456372,29.6799557442546,33.6629875182326
"45",25.9296264928907,29.756496553576,33.7402727996465
"46",26.0060530253263,29.840694330307,33.8133472208727
"47",26.0802889348784,29.9214971462906,33.8937936631459
"48",26.1554614691078,30.0061799332207,33.9865293543529
"49",26.2401804551809,30.0894709466142,34.0803486343253
"50",26.3195418111378,30.1707525982975,34.1605043403226
"51",26.4008540703875,30.265057663527,34.2580363521841
"52",26.4743511434389,30.3496517184924,34.3546982819147
"53",26.5485562808713,30.4373489064263,34.4407136325273
"54",26.6325221232749,30.5276928432793,34.5403439068336
"55",26.7153295599963,30.6177394899914,34.6306954867768
"56",26.7993886465614,30.7137065706119,34.7255325892916
"57",26.8831806918158,30.8091516467702,34.8221155689344
"58",26.9607544202237,30.8990361316064,34.9334847921265
"59",27.0423150395691,30.9931329391421,35.0338347605136
"60",27.1242483808861,31.0904139351841,35.1359756697375
"61",27.2082007685236,31.183172257454,35.2282583670534
"62",27.2888690444253,31.2816278649994,35.3327028995191
"63",27.3744691928158,31.3776726671404,35.4399196117673
"64",27.4639891196674,31.4735523071629,35.5400419200047
"65",27.5540106955582,31.5748737544557,35.6412068293076
"66",27.6341893894719,31.6787433536678,35.7431180376004
"67",27.7207510625157,31.7823979494379,35.8447456955984
"68",27.8042461786358,31.8843181474889,35.9610643918601
"69",27.8976057983295,31.9809060859126,36.0747018241514
"70",27.9890181858504,32.0878104815077,36.1872587248931
"71",28.0795220577965,32.1932480795508,36.3132094972154
"72",28.1740798179828,32.2981683529211,36.4365651254998
"73",28.2682141639142,32.4067104615021,36.5563576142056
"74",28.3496357123524,32.5137155809719,36.673137950799
"75",28.4320013403326,32.6257634303427,36.7826296212079
"76",28.5227935853186,32.7365547281791,36.9212108083535
"77",28.6183968879308,32.8536953265115,37.0370950980561
"78",28.7150368922974,32.9680632335959,37.1775725707369
"79",28.8092888102299,33.0773959057835,37.3116452661518
"80",28.9050258286459,33.187284512902,37.4423745081877
"81",28.9957108274526,33.3001930576255,37.5740342817824
"82",29.087195941489,33.4207152009747,37.7070590998793
"83",29.2004187541655,33.529409303808,37.8453663709412
"84",29.2871887626785,33.6451328004481,37.9788764843369
"85",29.3819800111261,33.7707050319468,38.1172064886832
"86",29.482321922482,33.8869599320921,38.2544313505142
"87",29.5759756842743,34.002222959275,38.3895704720187
"88",29.6815157865928,34.1231744915192,38.5332177721502
"89",29.7838647844961,34.2433941761282,38.6747868003834
"90",29.8873510138572,34.3670131631159,38.8362162976713
"91",29.9826526821535,34.4901243573328,38.9984379929258
"92",30.0849605187567,34.6125921077454,39.1420124397744
"93",30.1902276710524,34.7373977937669,39.2894735392895
"94",30.2808622909161,34.8616297918953,39.4275823595918
"95",30.3891355571291,34.9816645493097,39.5647349435061
"96",30.4862207416811,35.105122349292,39.6992361611935
"97",30.5840340396819,35.2313905884342,39.8454916982787
"98",30.6871536045812,35.3578136961716,39.9908494891017
"99",30.7805277880484,35.4856352487764,40.1504806513077
"100",30.8803609066496,35.6146714588158,40.3134618861546
"101",30.9828070474134,35.7461526440626,40.463105683223
"102",31.0936633243778,35.8738408959795,40.6264570002538
"103",31.1852605987976,36.0070414308225,40.7832498405041
"104",31.2896267458626,36.1386609828977,40.9519516035586
"105",31.3969912567609,36.2718708089634,41.1260177371159
"106",31.4967181573321,36.4142842112985,41.2801314118654
"107",31.6116370076826,36.5450845042818,41.4518583995997
"108",31.7208599533181,36.6774557356961,41.6266648264995
"109",31.8297646757764,36.8129302425197,41.7899291432108
"110",31.9415483535134,36.9479206563198,41.9603482316107
"111",32.0434873614009,37.0824393432041,42.1150191381247
"112",32.142597603629,37.2241355925833,42.290205870121
"113",32.2445389996336,37.3587874065725,42.4665322857343
"114",32.369183317179,37.4979751672162,42.6459694014452
"115",32.4695179525611,37.6445189092271,42.8475132324186
"116",32.5787018061387,37.7809148364536,43.0268803481765
"117",32.6914263471388,37.9188166084521,43.1938643067123
"118",32.8139153390769,38.0561090655437,43.3674931553103
"119",32.9239892781905,38.1938839185572,43.5377598730276
"120",33.0259166563314,38.332540436008,43.7095083701155
"121",33.8385697977336,39.2047644313256,44.6353851745613
"122",34.9431306844434,40.2443093795046,45.6526388367662
"123",36.0967613079971,41.3695542601076,46.787490261754
"124",37.2529423409825,42.5485981422367,47.9437037139444
"125",38.4836927999085,43.7562050083944,49.1373512152461
"126",39.7259690285179,44.9979222281394,50.3602460493114
"127",40.9830779447803,46.271295732568,51.6117236107546
"128",42.2731398585517,47.5667787918221,52.873302172699
"129",43.6231709906504,48.8837771171034,54.1742262171013
"130",45.0162934456466,50.2112294272266,55.4763042393021
"131",46.4012385558698,51.5741032837518,56.791983893567
"132",47.8285969339025,52.9558810185266,58.1311344100986
"133",49.2072095648275,54.3613873583694,59.5082342853639
"134",50.6236260592072,55.7739502788088,60.8992877843831
"135",52.0855862716104,57.2103369044657,62.3178930767716
"136",53.5635521330042,58.6703341800872,63.7707043264211
"137",55.0582834546535,60.165253599459,65.2499503547878
"138",56.5793237115033,61.674492530006,66.7702814660222
"139",58.1131523190442,63.2233150182685,68.314502180592
"140",59.6435852630527,64.7892391080271,69.8778210277508
"141",61.2015711569231,66.3707085960059,71.5074965343131
"142",62.8008168966448,67.9964455584238,73.1600495025513
"143",64.4235981111597,69.6418867824994,74.8359458259786
"144",66.0606319505018,71.3250478533233,76.5374305380964
"145",67.7193352600523,73.0311134028417,78.2885474051826
"146",69.4227996770912,74.7693170256682,80.0823718304638
"147",71.1233293500698,76.5358058496738,81.9018367031118
"148",72.862811029973,78.3188090311323,83.7409985684541
"149",74.6032023764562,80.1671528954698,85.655976853587
"150",76.4069222064649,82.0162789829515,87.5514373788258
"151",78.2386425598284,83.9066005966487,89.4799266918643
"152",80.0308481156017,85.813731495074,91.483760705821
"153",81.8139457855796,87.7244995554047,93.4686170570146
"154",83.6409218339375,89.6542687188623,95.5338491814778
"155",85.4865706312874,91.5947167781501,97.6075063655879
"156",87.348734070935,93.5467588534222,99.6869317827045
"157",89.1933612912881,95.5264918443067,101.783772954353
"158",91.0757571138594,97.5006688830948,103.858686904085
"159",92.966373936217,99.4924895562264,105.974085959766
"160",94.8449647550889,101.493775973206,108.140989316091
"161",96.7483833874767,103.502114160362,110.26913966953
"162",98.6163240283024,105.50648281746,112.376220397995
"163",100.519053894574,107.536364048732,114.52944048986
"164",102.43271885384,109.557085013456,116.680073639051
"165",104.340362868147,111.574790686963,118.846333283041
"166",106.261969235889,113.606698686231,121.001030235637
"167",108.15067691356,115.632118527085,123.172933977342
"168",110.043570593692,117.656155688061,125.32658204396
"169",111.939547947106,119.694064950661,127.496260104751
"170",113.843182446003,121.735076346911,129.665989816697
"171",115.731669905843,123.765887578754,131.800599904117
"172",117.623420588941,125.787943863218,133.952980591983
"173",119.543127960551,127.811656155924,136.08367981761
"174",121.433449063809,129.831483351437,138.242660940766
"175",123.306181145413,131.833166695481,140.366530553312
"176",125.153345969341,133.819804581578,142.483516637873
"177",127.028227960346,135.810641306871,144.604612273653
"178",128.882043189479,137.787672511657,146.68283943134
"179",130.727587243795,139.744345936486,148.751328009879
"180",132.573303027904,141.698086961133,150.783234925602
"181",134.41607514818,143.643295494553,152.835097442875
"182",136.235717935406,145.565254955508,154.839427003359
"183",138.043541628726,147.476178845892,156.874090142222
"184",139.855904741628,149.368124128889,158.890608652694
"185",141.661568777031,151.247989988846,160.885569280014
"186",143.435984162249,153.106608096594,162.851371049134
"187",145.180510572553,154.953667784293,164.758955626657
"188",146.941354394418,156.775910167174,166.668396108517
"189",148.696599134079,158.593207237341,168.602702526426
"190",150.362463052166,160.382456884263,170.472044505209
"191",152.054623347485,162.168139290199,172.353507883058
"192",153.720213166943,163.922665884565,174.170962115642
"193",155.364866770085,165.645369810254,175.954750911703
"194",157.00227211425,167.34027287716,177.733964929179
"195",158.641233855053,169.015665332365,179.480435873779
"196",160.22288642084,170.67393215422,181.192369032078
"197",161.776692247263,172.31528584388,182.850049201287
"198",163.333117842758,173.938457583034,184.512573238049
"199",164.891232307145,175.52855506946,186.153039414392
"200",166.413571890232,177.103375732696,187.826334578955
"201",167.936865844152,178.652501048337,189.39225340834
"202",169.420582437423,180.18193324604,190.965734396426
"203",170.847396604781,181.697437069007,192.530305394918
"204",172.321811667514,183.178266663184,194.106034460154
"205",173.750673883229,184.641030998361,195.634547485955
"206",175.116893322536,186.079403756275,197.089400400136
"207",176.462209695725,187.477379723709,198.577080673333
"208",177.816911747648,188.892379660066,200.015965073345
"209",179.153155958044,190.252287387568,201.446397100788
"210",180.453528890923,191.598359770097,202.836264244915
"211",181.760310838016,192.927962710802,204.217093369279
"212",182.965023396368,194.230649995069,205.592768412841
"213",184.132993690682,195.51320524085,206.898226750527
"214",185.354749417197,196.764552748396,208.204926572464
"215",186.523563591733,197.987979696846,209.463452685676
"216",187.646804395355,199.197418986296,210.711688798721
"217",188.773253931652,200.370861308307,211.938457876859
"218",189.856781680295,201.525049611718,213.120655057401
"219",190.93266642744,202.664149398191,214.293001534534
"220",191.985885617207,203.770437225832,215.46476008528
"221",193.045740140144,204.870774704424,216.598901747616
"222",194.054120980826,205.948191242619,217.745822417383
"223",195.034056210616,207.013931081516,218.858205463493
"224",196.023017683535,208.05151662686,219.867049436039
"225",196.957139030092,209.056175374034,220.928124728346
"226",197.915191671652,210.053835652657,221.958341818598
"227",198.775461209774,211.015396732636,222.972946255152
"228",199.640491420785,211.946943064519,224.011584157426
"229",200.50732217323,212.860955320508,224.993283223152
"230",201.339287691998,213.768260669333,225.949924343108
"231",202.183558080333,214.662928019018,226.903543504807
"232",202.961115885903,215.542388919853,227.834472592046
"233",203.735045570248,216.366464540215,228.766049423829
"234",204.44669871665,217.181959748152,229.647857239641
"235",205.167934710961,217.974037219826,230.489180676588
"236",205.845239741571,218.766854056985,231.337363822844
"237",206.503166293643,219.511101973806,232.196322185261
"238",207.123948795866,220.250531918655,232.974304117219
"239",207.745702388289,220.976126186436,233.738690629549
"240",208.314139140774,221.661945140617,234.501871125397
"241",208.930954992069,222.34332592071,235.236759465077
"242",209.499848761725,223.004699750083,235.962000748206
"243",210.044386647028,223.66844764562,236.701247789533
"244",210.526221485547,224.311450544187,237.383499278741
"245",211.064383682917,224.932051134199,238.066715836964
"246",211.576951775362,225.527570829963,238.771946882309
"247",212.004799406147,226.083098331589,239.404947428699
"248",212.464905342984,226.652393534697,240.049744207209
"249",212.897457251404,227.186397218482,240.725699117567
"250",213.313307842787,227.71991259283,241.328871349817
"251",213.752049258089,228.225152153969,241.878683410972
"252",214.161606542938,228.703385092871,242.471614560363
"253",214.556602059977,229.18630150327,243.059662822843
"254",214.887842467375,229.654265978547,243.616769741934
"255",215.22723802443,230.13349543685,244.248387899169
"256",215.501250690749,230.568788585641,244.813836406589
"257",215.782939263331,230.970581682307,245.31756913487
"258",216.037086884814,231.390717492444,245.782669641039
"259",216.32086768508,231.792793489571,246.186445079144
"260",216.595618503244,232.185025425531,246.622455268856
"261",216.835734930031,232.550721646885,247.053592667769
"262",217.018179695932,232.879364180306,247.51334129324
"263",217.153642897579,233.208726454204,247.991768238675
"264",217.299520731015,233.507740899566,248.432283068219
"265",217.449820376445,233.817048091942,248.84835445024
"266",217.554247827756,234.128023865992,249.226856839252
"267",217.67254924403,234.418996113953,249.57872811852
"268",217.807876171178,234.679804712549,249.982418464694
"269",217.872807654239,234.937877274075,250.314722054526
"270",217.927117779213,235.177233407503,250.649228592512
"271",218.179343173268,235.59155830173,251.156687974012
"272",218.666153021758,236.218646570617,251.806881277091
"273",219.3814955633,237.035424021709,252.7232735303
"274",220.25538395656,237.956003056368,253.637750864143
"275",221.286728205387,238.984928188869,254.717284350386
"276",222.400465578371,240.107319664672,255.852476843387
"277",223.677913973681,241.306162262222,257.078463450728
"278",224.9547551371,242.606880805682,258.391375374961
"279",226.263160407768,243.977085966098,259.764424272652
"280",227.752663656925,245.4287986315,261.219442392629
"281",229.293652844352,246.94332290561,262.688525072748
"282",230.908149788334,248.544021772849,264.298368108421
"283",232.497689171483,250.214339888115,265.978427905998
"284",234.323090726849,251.965291386825,267.706003631707
"285",236.161118141926,253.796235714047,269.575510064316
"286",238.041497198578,255.721206528207,271.478881568732
"287",240.10056361658,257.742435388241,273.48269924088
"288",242.265621279454,259.811228627276,275.525139070074
"289",244.374843096508,262.015758767527,277.674986460345
"290",246.627980341487,264.280450282796,279.891734809114
"291",249.077131723539,266.623567892949,282.249595505776
"292",251.467479169584,269.042568627244,284.729308592861
"293",253.99696128887,271.529362148625,287.34695544003
"294",256.57338132482,274.166685937298,289.956782741777
"295",259.239541245318,276.914178346143,292.752392858974
"296",261.966025184778,279.722990795347,295.576061250309
"297",264.745074926039,282.628798619964,298.49418684696
"298",267.803817832749,285.621947637745,301.562211204308
"299",270.868509919517,288.71512097832,304.749007120419
"300",274.040215611431,291.866538969722,307.944019395981
"301",277.334924422011,295.083916118871,311.229791838945
"302",280.539874790696,298.321058732942,314.722488849293
"303",283.833350894422,301.651731497196,318.063591161667
"304",287.154903192718,305.009326961151,321.570308929812
"305",290.542868489865,308.425874210154,325.079883808819
"306",293.86065676892,311.897585585172,328.611501293361
"307",297.318939645355,315.397120951728,332.222750118232
"308",300.818997249054,318.949040337971,335.790212455406
"309",304.303957904023,322.50654131859,339.50151653095
"310",307.770039159509,326.109290455251,343.265227455338
"311",311.313248756241,329.729818936326,347.099521562008
"312",314.87296647624,333.350279511869,350.801266117271
"313",318.377400220222,337.000399885971,354.552892031346
"314",321.993493165184,340.637668393739,358.342098139338
"315",325.574000477304,344.331405249624,362.172813921824
"316",329.097336999844,348.04038223619,365.968672500434
"317",332.676499900978,351.736220773845,369.781601858291
"318",336.272183069019,355.416234898292,373.656996404963
"319",339.843894813435,359.097052170265,377.485960322058
"320",343.385385338226,362.740230123291,381.271135882116
"321",346.958177230465,366.381741049633,384.99597403808
"322",350.442334303137,370.004480011536,388.716625609404
"323",353.931401623344,373.622761217522,392.49031133699
"324",357.334861161728,377.182764482701,396.232353817573
"325",360.77759448561,380.714771652266,399.914714866529
"326",364.184530269353,384.193696404277,403.536514032373
"327",367.6329583941,387.644258095954,407.12728586784
"328",370.914016004174,391.076246976327,410.680847035139
"329",374.259010711388,394.445868193589,414.095966378921
"330",377.54112956354,397.778486468574,417.506276375898
"331",380.755388785853,401.052212229259,420.872986779804
"332",383.910828409824,404.278820561282,424.263857525766
"333",386.981808172556,407.456321209226,427.559474082378
"334",389.985912809586,410.561346400349,430.837703151533
"335",392.943996443692,413.6028548702,433.944517771607
"336",395.867508979615,416.623221181423,437.061445721466
"337",398.716154537263,419.54118313117,440.051814874923
"338",401.492057476713,422.443920420457,443.003253179667
"339",404.236507343451,425.266524765675,445.876437162393
"340",406.982148346846,428.0230254605,448.688689398859
"341",409.563413404157,430.71564745075,451.429235758627
"342",412.180707406646,433.327746030348,454.094637131327
"343",414.685680787757,435.872049969925,456.633397209271
"344",417.106819009954,438.356910711221,459.167907025909
"345",419.424624058205,440.790818234548,461.518379475697
"346",421.677035904001,443.147542094417,464.006364582403
"347",423.8512444332,445.44500574638,466.288666337437
"348",425.969297067051,447.65458932241,468.552805631227
"349",428.02237051799,449.796947060174,470.635765978487
"350",430.043347277017,451.847685460845,472.851006464896
"351",431.92840793547,453.844751657659,474.866010297007
"352",433.833475767517,455.797020738953,476.886329696529
"353",435.627082107311,457.646301557952,478.756189630016
"354",437.388791352186,459.452821307412,480.66113950529
"355",438.972451210336,461.177601908825,482.341559606558
"356",440.56225570994,462.842104969627,484.044045682215
"357",442.085984650501,464.463383492555,485.671198382249
"358",443.565978784792,465.982396073914,487.222365767829
"359",444.917275950783,467.437787503412,488.77033137208
"360",446.241257489053,468.794117161805,490.188103968322
"361",447.573698014556,470.09596130196,491.481250185596
"362",448.705301475768,471.379712707701,492.81809654629
"363",449.73258104841,472.57789609156,494.059192604247
"364",450.858430358257,473.720949965425,495.224467785332
"365",451.88045356491,474.805373225302,496.383970179609
"366",452.801610214402,475.830769768963,497.479693875261
"367",453.697656229054,476.80849632148,498.390356223319
"368",454.511163880328,477.719464953457,499.380539841156
"369",455.286355369692,478.585972699996,500.270442669487
"370",455.908605083898,479.367682181246,501.218345547611
"371",456.423985363308,480.096052827725,502.018960286861
"372",456.925432293034,480.710349030508,502.805103359387
"373",457.386750811082,481.334338857343,503.534972679089
"374",457.803758621748,481.915902658991,504.182867860743
"375",458.313107246103,482.414326424721,504.726332252462
"376",458.725730739981,482.871895157005,505.25122473736
"377",459.033244983926,483.318792904749,505.712980701377
"378",459.284249785235,483.699447960709,506.139291131472
"379",459.426733119603,483.988756928579,506.533363303171
"380",459.479562236481,484.254558924359,506.891275938526
"381",459.573793041546,484.476205873645,507.187254942251
"382",459.630594792235,484.658860889759,507.404915976949
"383",459.576553890647,484.795945866686,507.682592300503
"384",459.485567545752,484.924112008562,507.809335285095
"385",459.318637756347,484.947242749455,507.919574216799
"386",459.001149680405,484.964293275129,508.007801974984
"387",458.759785532248,484.939069192728,508.052730621439
"388",458.44567312421,484.852175915834,508.194623115753
"389",458.08110445668,484.764519957197,508.19449124292
"390",457.705395011795,484.58454609576,508.158138677462
"391",457.438900590158,484.347323931632,508.168647514612
"392",457.153826171683,484.075222286879,508.09338092638
"393",456.709193957681,483.759188612339,507.964281728119
"394",456.218973799526,483.467901367084,507.800970671542
"395",455.611825893951,483.138119374777,507.629997523865
"396",455.073369651675,482.760410796259,507.442210675636
"397",454.452561975486,482.334976093562,507.139182651412
"398",453.836660610886,481.898313314093,506.861976625368
"399",453.288765289524,481.458441335019,506.608347975397
"400",452.536012328391,480.945546332337,506.250925093863
"401",451.829272742102,480.415355502072,505.862160744601
"402",451.039659423716,479.903313662953,505.443925615005
"403",450.22286281232,479.320863647853,505.05407586566
"404",449.370710973687,478.676439475752,504.693968586578
"405",448.595713908789,478.016810746089,504.125095554339
"406",447.782963700146,477.326574332938,503.609135235857
"407",446.865101400475,476.681731803652,503.180694876706
"408",446.019846824733,475.916636679848,502.628575861449
"409",445.100247062387,475.166714274257,502.033361951442
"410",444.060620707749,474.425885809492,501.466682960006
"411",443.081094248254,473.639916780957,500.88755330199
"412",441.991840422323,472.866011787257,500.207727455937
"413",440.881950364429,472.027562537046,499.637818184422
"414",439.753581566981,471.180082584411,498.963837751322
"415",438.681608868536,470.31399027757,498.298888765696
"416",437.581568426703,469.437686551811,497.554572422478
"417",436.331808479707,468.612836831751,496.802515135767
"418",435.104231307775,467.69550234496,496.042569917885
"419",433.869149086175,466.775843145383,495.28655297341
"420",432.705182911879,465.815691299588,494.531567625417
"421",431.965229026238,465.099094305604,493.952714649601
"422",431.524349079779,464.760269828269,493.761343194506
"423",431.34497463362,464.735708638255,493.715719821476
"424",431.532911323176,464.894147627638,493.883892785118
"425",431.900283281428,465.202291208422,494.207597817017
"426",432.494536753869,465.691812361225,494.629278865976
"427",433.171369754465,466.350386986091,495.202148265684
"428",434.119804622475,467.084005048727,495.912211597985
"429",435.057472368107,467.93075366696,496.700820744741
"430",436.12420526461,469.01337856863,497.637811522478
"431",437.409536876771,470.169903411229,498.714214913832
"432",438.817909197605,471.433280315849,499.934684257097
"433",440.376182586762,472.88580415095,501.233526219525
"434",442.150721710242,474.483071377588,502.708013002457
"435",443.947274930637,476.110056601332,504.173930821889
"436",445.852838174607,477.966070334891,505.979240319014
"437",448.017458111827,479.92675278581,507.796621839558
"438",450.277098413768,482.038298996116,509.745791937185
"439",452.770414430074,484.296401123344,511.932300028594
"440",455.486317698748,486.70643048789,514.24747340377
"441",458.277917736747,489.245272986671,516.679027751967
"442",461.007337114849,491.987578399832,519.283659938425
"443",464.073149831563,494.836113628549,521.90818163157
"444",467.30336784235,497.819476591037,524.80184862395
"445",470.561852095196,500.973913823422,527.839378993227
"446",474.022105333984,504.254663252526,531.141015450748
"447",477.615112129702,507.714975148364,534.519997350295
"448",481.460234795947,511.320371444261,538.063593336506
"449",485.181440695048,515.100457545578,541.612913026235
"450",489.251549733701,519.028353963944,545.416338353987
"451",493.478652441177,523.037004429183,549.431939314379
"452",497.858009071929,527.184655418707,553.489166966568
"453",502.096417586496,531.390778491841,557.640128793581
"454",506.334404256989,535.623190872187,561.94615503442
"455",510.70777620012,539.937791292897,566.288273889826
"456",515.090486494671,544.347643149249,570.726444399411
"457",519.637921045087,548.828034509199,575.209504607116
"458",524.135419965144,553.333876450556,579.720029733369
"459",528.789607683422,557.840811724667,584.286777418581
"460",533.365986853575,562.409662305086,588.786798074092
"461",538.211294488804,567.04786284775,593.332038493439
"462",542.905577357975,571.690314801703,598.050480417054
"463",547.690244121333,576.37607399219,602.600907479011
"464",552.365111614813,581.091103780987,607.285895894645
"465",557.054448610318,585.813917013961,612.095452246087
"466",561.731846428201,590.536855393509,616.878630599321
"467",566.446808072694,595.2007848182,621.681098186215
"468",571.214759666829,599.873280177581,626.515106184734
"469",575.885592565126,604.544969388209,631.168969765827
"470",580.566576240185,609.144819762795,635.999249484984
"471",585.09131753763,613.74209521905,640.617525438877
"472",589.473995642361,618.300030635916,645.06082213256
"473",593.882905604373,622.77190474325,649.661989591407
"474",598.244647320269,627.234574517837,654.119696107094
"475",602.48381226299,631.635799766846,658.5194665636
"476",606.73922592709,635.966092284052,662.958294016445
"477",610.997039715607,640.230119048477,667.313897301389
"478",615.247352338953,644.383570575754,671.604707988186
"479",619.203741866472,648.486270394985,675.802185353704
"480",623.167114607984,652.51839800571,679.85912624623
"481",627.13879152829,656.449790776261,683.795162007701
"482",630.904811392877,660.307232610587,687.804379182323
"483",634.58896870721,664.072812975481,691.658060354641
"484",638.147867028963,667.727628473048,695.367181789204
"485",641.572198555737,671.259086466195,698.969662024358
"486",644.959678394189,674.669526769158,702.441847232537
"487",648.223211420267,677.99778739623,705.800300147491
"488",651.401088599466,681.213346416218,709.116632902685
"489",654.496468298911,684.336686804584,712.414751462384
"490",657.459473681017,687.349529557727,715.573435954035
"491",660.295247025619,690.264413996138,718.539233730502
"492",663.066952691835,693.064095744588,721.384372832083
"493",665.665386637428,695.721670811167,724.122064135011
"494",668.143045845549,698.319663480946,726.742793662235
"495",670.444185466196,700.768096895817,729.278276618176
"496",672.625080495052,703.143734458356,731.735043045365
"497",674.818537639257,705.408259096827,734.083706486478
"498",676.690183127658,707.547878869138,736.326564501459
"499",678.717520537919,709.509008995223,738.462931005518
"500",680.519230483434,711.37951793247,740.445598931765
"501",682.174336413147,713.206823636052,742.368080838554
"502",683.677659962875,714.884839300421,744.070414040894
"503",685.151897339234,716.472624217735,745.817634599052
"504",686.515544541625,717.97403225068,747.420373255829
"505",687.740929108748,719.318708649426,748.978924475616
"506",688.820845021203,720.620080632841,750.249430568355
"507",689.850694814067,721.719481260406,751.578149179645
"508",690.742562202251,722.811113649328,752.732967995355
"509",691.585538127954,723.828884193851,753.848874692928
"510",692.288470240719,724.730256369968,754.844622998475
"511",692.971420630645,725.501756809967,755.674937717704
"512",693.478823714472,726.148075266927,756.552107303289
"513",693.907391494563,726.730552480853,757.278148618086
"514",694.276650344888,727.174778312318,757.805364095543
"515",694.510910579838,727.551325432534,758.314806658571
"516",694.625918723803,727.807665082059,758.784680175601
"517",694.689083602819,728.004357659535,759.203081981693
"518",694.641532252818,728.124906454735,759.561393847544
"519",694.530435416776,728.177217364719,759.866206697477
"520",694.28405720618,728.126094835094,759.901150037365
"521",694.071401716471,728.003211256054,759.816453904709
"522",693.822552651444,727.845031492105,759.683711200248
"523",693.272641770364,727.551528688646,759.488790201178
"524",692.793155244048,727.136625362383,759.31100383364
"525",692.335482521557,726.713248473855,759.022550912372
"526",691.691995158324,726.139959141944,758.69559370731
"527",690.989538674596,725.569103514599,758.247218578602
"528",690.126494870929,724.887906673496,757.752720339951
"529",689.098166016559,724.195932968403,757.253919960056
"530",688.090271242035,723.428987039534,756.556932789523
"531",687.001564845142,722.583203941478,755.894480982517
"532",685.976376026484,721.723469577721,755.151707410642
"533",684.775525275576,720.743043393125,754.363970486948
"534",683.574219571441,719.709190168814,753.492218152328
"535",682.324203656618,718.681311279169,752.616491041195
"536",680.987120947341,717.534678256771,751.554725632503
"537",679.584204856592,716.33296594609,750.56866479197
"538",677.982557131559,715.083618524281,749.524829978465
"539",676.485529315952,713.769261833661,748.439155339027
"540",674.841579829766,712.373609673844,747.288203079541
"541",673.050005667852,710.918707868509,746.102694018687
"542",671.360027438711,709.477417688408,744.907225214164
"543",669.585470663715,707.974501378821,743.695027117787
"544",667.716859942519,706.438089112779,742.367833990149
"545",665.887756705302,704.859070821413,740.997806166179
"546",663.958374687894,703.283435234969,739.595415864067
"547",662.145470849197,701.624227781414,738.210333652216
"548",660.250759580265,699.912594324571,736.73070559507
"549",658.255562022699,698.181222075233,735.23206584149
"550",656.269242722007,696.376607616974,733.642627534282
"551",654.181389636592,694.528007612954,732.044733305974
"552",652.069810860259,692.711547948287,730.387699228451
"553",649.831350375286,690.859188956595,728.677617244688
"554",647.699486167309,688.903391307518,726.988501567482
"555",645.447677770933,686.936424734648,725.254360342831
"556",643.424002213156,684.925466787714,723.529785714592
"557",641.120730084064,682.883969326319,721.711098016979
"558",638.758136796238,680.901745354972,719.865669497911
"559",636.398653189947,678.924550253806,718.046603355111
"560",634.07712447845,676.871903996606,716.248223070178
"561",631.581690264868,674.804201689752,714.228009719519
"562",629.439865715579,672.738938381798,712.273452707831
"563",627.171452967798,670.628341153437,710.335542344772
"564",624.745982159298,668.473074867112,708.461348156111
"565",622.451646696945,666.321114561679,706.56121679789
"566",619.99133820706,664.097975073401,704.581620719231
"567",617.493328684186,661.831448098389,702.660609754641
"568",614.993686817592,659.598012843935,700.675313726612
"569",612.400999868036,657.354212314013,698.650343690938
"570",609.758289649777,655.092502688407,696.706949646362
"571",607.615941484823,653.172857801013,694.839771085422
"572",606.192758969415,651.759795572783,693.479641755068
"573",605.100401358827,650.695479237585,692.451083795608
"574",604.246623170068,649.850386425416,691.624213930966
"575",603.728922728728,649.274740894438,691.14122624906
"576",603.568518946364,648.884585679037,690.731123375091
"577",603.425809614765,648.694297570613,690.451806928408
"578",603.520476239154,648.63647763122,690.260196037031
"579",603.772816873004,648.771202181488,690.293069639553
"580",604.295212975764,649.113168062751,690.438201295125
"581",605.107059194183,649.636700489813,690.782476310044
"582",605.984575789235,650.353568360382,691.320490631903
"583",607.096222398932,651.189006319715,692.032014570608
"584",608.445761769363,652.191137448395,692.938257054297
"585",610.133218447136,653.454911616759,694.074156138014
"586",611.797268575193,654.854464990495,695.303259596114
"587",613.630657951458,656.432507510927,696.712716607633
"588",615.640054970403,658.254467995126,698.411034807445
"589",617.967064067231,660.199653365138,700.118540672164
"590",620.467165331061,662.415611148305,702.060568533244
"591",623.233189552712,664.860251675284,704.165968065798
"592",626.182602415618,667.38559903895,706.54507872672
"593",629.101542209018,670.152979122925,709.098705392435
"594",632.354756686501,673.076726798823,711.774522602408
"595",635.72674218385,676.19649409303,714.750195725738
"596",639.276094220436,679.459611021176,717.956389879687
"597",643.196517546145,682.923271001042,721.252067069553
"598",647.22667051603,686.669422546726,724.761010515696
"599",651.355369930235,690.54959153352,728.426346722743
"600",655.673618440654,694.543477443292,732.324079139708
"601",660.233290721348,698.781589463055,736.303533800067
"602",664.865900968145,703.070853533501,740.473824025946
"603",669.408817873848,707.551398821764,744.729538155034
"604",673.994187335101,712.034994403572,749.118991738032
"605",678.678654946158,716.626471508842,753.780832645677
"606",683.534697320966,721.308869167079,758.2948366925
"607",688.413865950077,726.099870942655,762.902840870002
"608",693.221818103685,730.904637753742,767.613891981548
"609",698.440873848223,735.837158650715,772.424889387711
"610",703.23101751829,740.845769013463,777.573003175203
"611",708.424253437663,745.830635693041,782.381584689774
"612",713.614840870521,750.868306759891,787.566029995253
"613",718.6891549737,755.881963210741,792.562962385524
"614",723.764914683482,761.017587492386,797.68216242177
"615",728.93362890675,766.011148739917,802.981348248365
"616",734.091962070802,771.085852754183,808.118713865033
"617",739.18061123921,776.125102487723,813.195586461306
"618",744.129618974078,781.241496620273,818.443893281575
"619",749.17699602136,786.245677069065,823.633489561504
"620",754.008582688848,791.283796094446,828.672545767549
"621",758.879233253703,796.17087279134,833.606700757107
"622",763.728039279576,801.026885475138,838.397089035871
"623",768.34360820401,805.832941918847,843.321686693712
"624",772.985131660542,810.61859239285,848.026964612821
"625",777.681459931783,815.27649831039,852.674471928328
"626",782.215661086327,819.838346413694,857.242839440665
"627",786.595426186357,824.308454509276,862.022702930261
"628",790.917526680367,828.729809898006,866.353263168363
"629",795.129777137724,832.993754955057,870.800593445877
"630",799.232820397002,837.159292588833,875.131072162747
"631",803.146784681211,841.227568548404,879.286105704125
"632",806.870148250447,845.1793659769,883.301560952886
"633",810.480848053544,849.018994454763,887.219470161487
"634",814.053416801399,852.724392438387,891.084069377937
"635",817.534888744769,856.334863515635,894.830327365866
"636",820.928546538294,859.818917208277,898.40536423484
"637",824.162925409416,863.129347877403,901.783196724132
"638",827.217722733484,866.367269789732,905.196219218222
"639",830.242112194075,869.387638026367,908.296238539607
"640",833.087705833569,872.287906165509,911.353220683059
"641",835.709303423332,875.040898977075,914.333991861934
"642",838.199705625364,877.675994206242,917.106246049456
"643",840.634220349309,880.189615373847,919.831035325069
"644",842.928680010617,882.575353859708,922.42816883079
"645",845.037453495819,884.816066311868,924.730837649297
"646",847.03567251866,886.923202521491,926.894063658616
"647",848.915686582891,888.820955320175,929.020292438712
"648",850.590502181685,890.673571338681,931.060782606802
"649",852.169727721329,892.418644834873,932.868510603064
"650",853.60071726639,893.955613854065,934.463716026488
"651",854.958572213341,895.360630132238,936.04592830163
"652",856.061856290723,896.650689244689,937.352161187347
"653",857.065897962134,897.804468679774,938.569844006161
"654",857.905028297204,898.768152306238,939.689583834748
"655",858.660746783902,899.721425382668,940.686434514985
"656",859.398448479866,900.406684725453,941.728700627714
"657",859.860606799197,900.997528277555,942.313042070452
"658",860.157609020755,901.459008534214,942.993292433419
"659",860.404480394203,901.819837053693,943.546584744123
"660",860.472712190222,902.045394013104,943.937121073874
"661",860.364767758408,902.20359131501,944.266597959516
"662",860.280753083093,902.277584334857,944.550447123609
"663",860.217710428188,902.192080628619,944.733222368187
"664",859.804426533454,902.004453809087,944.588167309686
"665",859.268019603036,901.717196155011,944.485750450082
"666",858.732359686733,901.258228934873,944.337965588483
"667",857.873628613147,900.688274515119,944.084378026529
"668",857.039323076082,900.048629599299,943.709631594675
"669",856.003249235319,899.353543067696,943.049234652425
"670",855.005761637102,898.542787500236,942.213093675098
"671",853.822406695666,897.58076223192,941.374464870346
"672",852.61546239937,896.517971477112,940.57398185125
"673",851.316814789822,895.438774420895,939.8040523371
"674",849.807949608209,894.295056101178,938.994330521166
"675",848.444028001129,893.031251351752,938.02858049716
"676",846.902915544956,891.654032255031,937.008140233599
"677",845.232237416008,890.195578788384,935.747341187694
"678",843.464610343441,888.698116150505,934.361337578086
"679",841.55401914265,887.14884448915,933.001018456416
"680",839.765991050965,885.504144280023,931.466538728576
"681",837.710501554943,883.792277174002,929.941570993382
"682",835.554865769607,881.977985994885,928.363004934092
"683",833.318698454335,880.080810115967,926.745060404016
"684",831.110879439294,878.199894642075,925.01414107174
"685",828.807678249619,876.17455805846,923.206692334481
"686",826.439258806336,874.096882256447,921.413593705437
"687",823.929244142042,871.937322927011,919.448410672137
"688",821.440628169415,869.725451405166,917.469160313488
"689",818.822398077098,867.484105775357,915.418388894601
"690",816.173769085505,865.183971092004,913.335703825991
"691",813.667867809556,862.814394776184,911.081809514207
"692",810.973484159625,860.448119573551,908.753806787832
"693",808.252699398633,858.050941882537,906.451368438825
"694",805.554225277118,855.502891578281,904.054494887123
"695",802.678611609172,853.008201975822,901.722583570887
"696",799.738901738596,850.37288154926,899.448604151482
"697",796.864277943131,847.70113187124,897.188151985583
"698",794.032188497243,845.084464600135,894.75823812795
"699",791.001703583607,842.375847411548,892.208279309743
"700",788.123053227042,839.637953127722,889.584887314594
"701",784.859089361841,836.919469316128,887.012692502328
"702",781.718379953273,834.087930281523,884.468297075087
"703",778.568208129912,831.223383591028,881.695715202564
"704",775.446840734723,828.429923400377,879.113447465658
"705",772.303595268478,825.530343035969,876.554099426804
"706",769.125304621743,822.586480804144,873.712180137246
"707",765.883634148719,819.578123563831,870.979074676561
"708",762.642328885711,816.537211354615,868.314276426176
"709",759.322714685488,813.549136408559,865.46920111551
"710",756.025809515247,810.479824764574,862.594677274017
"711",752.700885303445,807.432448832543,859.689900018382
"712",749.435076748061,804.419602235515,856.76143469141
"713",746.225773350527,801.306513742147,853.723798602683
"714",742.792229770095,798.201105398226,850.755786002936
"715",739.379233927306,795.084041975566,847.839739437761
"716",735.909701354415,791.965904035218,844.827115203218
"717",732.491442181551,788.820554325932,841.996949836362
"718",729.064784651322,785.619967137204,838.919397763195
"719",725.671645559672,782.40792925757,835.8891016466
"720",722.26016496443,779.193437387594,833.00818896309
"721",719.476973789714,776.350186089953,830.433205885653
"722",717.11801120926,774.1160349646,828.193197303261
"723",715.221641573427,772.235746537785,826.205932584577
"724",713.806910585287,770.64165888015,824.635161948606
"725",712.630990892435,769.310101655128,823.355024518407
"726",711.714945377851,768.209080087289,822.065968854495
"727",711.033180831906,767.370231990023,821.042376650453
"728",710.578434328876,766.681786242007,820.15704064598
"729",710.498756384766,766.194702303728,819.496167257892
"730",710.444104541913,765.989696726509,819.025546309762
"731",710.737049089077,765.98787071304,818.682302561271
"732",711.253832196569,766.208500437509,818.594383006632
"733",711.965527471345,766.584235423687,818.754064633397
"734",712.980620646568,767.17851882382,819.208205500909
"735",714.235286102757,768.017743363643,819.696178442969
"736",715.708687419482,769.006976295328,820.587471039665
"737",717.625882272504,770.274111313455,821.539948580171
"738",719.313697814867,771.719064347677,822.904531852543
"739",721.474477131933,773.354854765008,824.288384886221
"740",723.796287093074,775.141281355498,825.929803768033
"741",726.203484948942,777.186675426235,827.909366662793
"742",728.988857050693,779.42144371518,830.066134796411
"743",732.055786490134,781.861333948746,832.471952180182
"744",735.149268472532,784.606133071818,834.828275134528
"745",738.533292160017,787.642646493291,837.420771868944
"746",742.109711729534,790.854510486561,840.530361850156
"747",745.849253152913,794.196595789319,843.713477171149
"748",749.62898077632,797.800607254188,847.13798507128
"749",753.955849876558,801.637131147534,850.789072461248
"750",758.450479785836,805.635400213107,854.635609823947
"751",763.168714536837,809.89293432087,858.817840050368
"752",767.886737629237,814.220088636505,862.874525799507
"753",772.70432584963,818.654738641161,867.262065236308
"754",777.434743886333,823.207492150273,871.860135530137
"755",782.393383993234,827.938563644049,876.402597865877
"756",787.507129063908,832.639621324717,881.099728175737
"757",792.257039815609,837.513032403008,885.896875398001
"758",797.306552475646,842.433707053682,890.784377936862
"759",802.4533179417,847.40558983029,895.65037498363
"760",807.559692067836,852.48072030975,900.724741599805
"761",812.861815852829,857.530896551983,905.699888363776
"762",818.028310794182,862.752576947359,910.822102179657
"763",823.057697813591,867.898146732878,916.175180388884
"764",828.40180344428,873.11261656622,921.301016492835
"765",833.450017314956,878.310436204456,926.312728268521
"766",838.670090253918,883.451368638998,931.343216278018
"767",843.995520199625,888.682474079089,936.694388497442
"768",849.060336664694,893.822677717424,941.804265248305
"769",854.173805476769,898.971214342738,947.076939736008
"770",859.150983164979,904.085630749857,952.18906779899
"771",863.940708830436,909.077641165435,957.354069995368
"772",869.004610249382,914.089092354355,962.172601667538
"773",873.843144447568,918.971180733386,967.369894466566
"774",878.573107044544,923.801231500843,972.395241966056
"775",883.147549812474,928.507819762187,977.091928327028
"776",887.804131971785,933.122880983027,982.148974912301
"777",892.284558761192,937.641149248691,986.787250088118
"778",896.71959357702,942.097878911992,991.310345634549
"779",900.80702949842,946.432507324339,995.7340967961
"780",904.911721468543,950.642332332892,1000.06556038995
"781",908.853318011635,954.743622743064,1004.2539641953
"782",912.539659575674,958.688531861712,1008.38720821425
"783",916.222509357039,962.466350517565,1012.38686380567
"784",919.73603019314,966.135022939543,1016.25772514715
"785",923.007888444708,969.620944685023,1019.89499537178
"786",926.275929941692,973.025160064856,1023.38256142726
"787",929.354388800276,976.246679856455,1026.7693045654
"788",932.286601881735,979.35538301441,1029.94320622666
"789",934.931288414786,982.268870130068,1032.88948372463
"790",937.590805305994,985.070484920768,1035.75542448752
"791",940.025622159136,987.668251959518,1038.54414599009
"792",942.176191282897,990.100522740292,1041.03833840704
"793",944.230484990775,992.45812817041,1043.54834298082
"794",946.135342200983,994.569319036503,1045.91433443139
"795",947.955359096085,996.583633617213,1047.94989583592
"796",949.534278034068,998.406946726229,1049.97322254349
"797",950.995510098542,1000.10094374929,1051.99240361162
"798",952.366585353742,1001.6669283438,1053.66657214643
"799",953.607549240999,1003.08930314578,1055.08223250143
"800",954.856960058852,1004.35580143929,1056.33670242496
"801",955.776935641115,1005.45924769893,1057.42161661325
"802",956.483638093541,1006.41122495404,1058.44516047309
"803",956.951610896366,1007.25754424138,1059.50307756351
"804",957.592508656266,1007.97299076234,1060.29318151508
"805",957.973350489944,1008.48283874002,1060.9900002105
"806",958.091949617024,1008.86804429965,1061.77855974929
"807",957.973125841904,1009.03308021316,1062.18427399416
"808",957.995851828973,1009.14066189246,1062.57455332122
"809",957.795678188452,1009.12662110351,1062.64779268704
"810",957.470826503357,1008.95495807672,1062.81567054678
"811",956.963423125214,1008.65623414775,1062.7065131775
"812",956.233684218818,1008.22653748773,1062.55395637927
"813",955.821029030211,1007.68917929362,1062.15547704237
"814",954.868613135234,1007.00406295243,1061.56565958293
"815",954.024874612949,1006.21990148559,1060.81079936871
"816",952.840873906941,1005.29567474744,1060.0768348573
"817",951.524135734042,1004.23978001478,1059.20095385484
"818",950.212214867916,1003.11568629714,1058.2771721722
"819",948.860515447201,1001.92626278828,1057.45981756756
"820",947.397533658849,1000.58435939956,1056.42168021684
"821",945.858784698518,999.167757347914,1055.12827049764
"822",943.905376829262,997.649517937978,1053.60757217896
"823",942.047925256195,996.013111428341,1052.02254735394
"824",940.225317068517,994.319549448891,1050.43194702801
"825",938.129522588684,992.501960365094,1048.80583070486
"826",935.9584011556,990.559859374536,1047.00533148379
"827",933.764455508147,988.591486461691,1045.23358812558
"828",931.51962305292,986.580555856377,1043.19072557803
"829",929.241575486551,984.424623951912,1041.11511896612
"830",926.821422149428,982.170381702192,1039.12839882754
"831",924.303002278222,979.902423250896,1036.996668588
"832",921.62616688463,977.52283739024,1034.83441423203
"833",918.913054346569,975.124950596391,1032.422202864
"834",916.143576443764,972.631351285265,1030.19777614357
"835",913.323955008281,970.006486524539,1027.66437962752
"836",910.31002885495,967.328305276384,1025.22283705857
"837",907.219808524276,964.551718303704,1022.65175109709
"838",904.137854711881,961.779597537854,1019.95962400426
"839",901.024473948145,958.939926959738,1017.33491551023
"840",897.839364568166,955.988255289019,1014.47727487586
"841",894.602649466488,953.056511010502,1011.61853838597
"842",891.311673161917,950.096266106604,1008.72388760725
"843",887.822077794133,947.038427926355,1005.77862584277
"844",884.455899348954,943.953697804288,1002.7901021205
"845",881.093857769,940.800071105617,999.88058384748
"846",877.583735939943,937.637785669053,997.145932078665
"847",874.132483901041,934.344930724458,994.067482164813
"848",870.598841714412,931.058647977679,990.864635881061
"849",867.111435609683,927.680617749843,987.866011637333
"850",863.541556698409,924.319839579668,984.660504515652
"851",859.932136371281,920.920996699962,981.587691397339
"852",856.165624184027,917.506659802532,978.399913550909
"853",852.456172221044,914.074274816114,975.016312833862
"854",848.697074311581,910.579628537987,971.525148039915
"855",844.950397673471,907.047320260392,968.19130889288
"856",841.165493554392,903.510914423512,964.653436994301
"857",837.354431468441,900.011561720358,961.206349734937
"858",833.573683357419,896.399316418538,957.782141024927
"859",829.847965263386,892.799484511614,954.300879185478
"860",826.074314683149,889.129955434497,950.959429251966
"861",822.288949096636,885.486823728261,947.521904829772
"862",818.376155765235,881.811507992528,943.990128815506
"863",814.50085707767,878.148773153727,940.491769583934
"864",810.492309424808,874.399836460884,936.926378175227
"865",806.519843779016,870.695102101657,933.371824574822
"866",802.627221406282,866.9770439479,929.837019256934
"867",798.890570057056,863.259806832207,926.261904915732
"868",794.803228752726,859.511279560813,922.589303670184
"869",790.834812457857,855.691791105115,918.891011324373
"870",786.97415330629,851.852965825079,915.167594280848
"871",783.550162224771,848.531917315372,911.853484866688
"872",780.661035149831,845.741044081843,908.957835594592
"873",778.459947213834,843.357898072665,906.500039349067
"874",776.619561296094,841.255037087924,904.447400943045
"875",775.07318103406,839.552304384077,902.529198939162
"876",773.656293559958,837.997861284584,900.830586467003
"877",772.585301486607,836.751206425916,899.360301981022
"878",771.875861553847,835.670506582777,898.062187471893
"879",771.286695175351,834.845305498984,896.978323268394
"880",770.96885004854,834.295986858433,896.031394738899
"881",770.926561347561,833.935914639238,895.292268853792
"882",771.332758071447,833.797165716006,894.891980898471
"883",771.736695553009,833.779199950425,894.779086448072
"884",772.306976839346,833.975088422035,895.027520238455
"885",773.224482133229,834.548326393022,895.316591343044
"886",774.439692348704,835.307861116648,895.997160590625
"887",775.860417122444,836.32613641164,896.629096384887
"888",777.665785024473,837.408567448433,897.666687453348
"889",779.53895899047,838.741736280563,898.87358096938
"890",781.692846232013,840.393595936981,900.51964321274
"891",784.128500961559,842.277262218874,902.120683729675
"892",786.692858427824,844.431471265233,904.224567666592
"893",789.324373871009,846.791756313801,906.562099290749
"894",792.488765914446,849.342138950577,908.81186595963
"895",796.088402508423,852.098707160799,911.2919425119
"896",799.680436610398,855.174766711809,914.049038737607
"897",803.457447957027,858.502969272488,916.905924034261
"898",807.477868575933,862.052022787424,920.261337118339
"899",811.608180835017,865.785452874965,923.718913563215
"900",815.98837352369,869.881868504078,927.535875850601
"901",820.751467884786,874.079071008735,931.511807279303
"902",825.235753875542,878.421754030484,935.448795733278
"903",830.080499061523,882.979184080727,939.722381765517
"904",835.118404875184,887.691834812706,944.30994737037
"905",840.426450446103,892.600432899612,949.273518346651
"906",845.709569828032,897.571012644886,954.345196339809
"907",851.154988818694,902.769683652256,959.303364483692
"908",856.648161048925,908.103684832801,964.557068825304
"909",862.391338615327,913.678653464392,969.96555434936
"910",868.241121799715,919.31621284358,975.573449647562
"911",874.280308471841,925.129505161063,981.306899858901
"912",880.216169760215,931.180932451196,986.966413228803
"913",886.74313153739,937.317568655722,992.998349244384
"914",893.105895590512,943.539910143205,999.319898842047
"915",899.823766795917,949.938208631151,1005.81326326058
"916",906.567283091215,956.52301224749,1012.34217995123
"917",913.453915367793,963.255804172505,1019.25934227121
"918",920.522715102886,970.069062869797,1026.22285867521
"919",927.592262839185,977.089813118773,1033.18562494116
"920",934.674269040219,984.248036820199,1040.17234925159
"921",941.969829461763,991.587708271665,1047.5774910584
"922",949.324702929868,998.976512399458,1054.8997274189
"923",956.945949032178,1006.43284115677,1062.27168236601
"924",964.483171590003,1014.07256646925,1069.88658422651
"925",972.021542763997,1021.82331137475,1077.80863015942
"926",979.862030139326,1029.63706967408,1085.52040786654
"927",987.832822447517,1037.63351416579,1093.73315841117
"928",995.761631214568,1045.69190950582,1101.93172685889
"929",1004.07255612606,1053.98743336913,1110.51974108345
"930",1012.32792548115,1062.42757671643,1118.90539632173
"931",1020.79723047774,1070.96024897551,1127.30805242331
"932",1029.17024063282,1079.52963075696,1136.092468863
"933",1037.35145901065,1088.24219377125,1144.97515388298
"934",1045.95084703169,1097.02449940946,1153.92141714192
"935",1054.78352411232,1105.98805884824,1163.22124889402
"936",1063.5891427834,1115.02863177419,1172.103927963
"937",1072.3969880593,1124.0661840361,1181.44372174645
"938",1081.4060034193,1133.23304317482,1190.84748596988
"939",1090.65243399543,1142.57062923262,1200.53617133624
"940",1100.07270661755,1152.07518636721,1210.27628022457
"941",1109.20696602119,1161.62290844909,1220.03641510409
"942",1118.20147043494,1171.1885477599,1229.82804008244
"943",1127.28921435754,1180.77187597994,1239.71974466607
"944",1137.26354028959,1190.66056365177,1249.52445543446
"945",1146.67417626367,1200.58086165648,1259.81346255939
"946",1156.14503102676,1210.58546168566,1269.84786312894
"947",1165.86216176993,1220.71531801756,1280.31531955227
"948",1175.72692951114,1230.8494723624,1290.91162504064
"949",1185.92159587957,1241.13989302317,1301.28949015426
"950",1195.73258906607,1251.38785300923,1312.42100852115
"951",1205.78815408369,1261.75153353305,1323.47412399976
"952",1215.7165976397,1272.2335859965,1334.37001000189
"953",1225.57634732037,1282.81757807363,1345.23804273701
"954",1236.04657926565,1293.44986390397,1356.31207840445
"955",1246.39404622231,1304.12296309611,1367.25968124796
"956",1256.71158052834,1315.01631100475,1378.22756235459
"957",1267.14139685325,1325.88349169952,1389.3556742695
"958",1277.56287906297,1336.83541330694,1400.80248830076
"959",1287.93206843906,1347.76834412642,1412.27174645961
"960",1298.32866241685,1358.89283655891,1423.81119338283
"961",1308.57838849965,1369.98545700951,1435.70041697793
"962",1319.35592966824,1381.13763401279,1447.6465181232
"963",1330.29436616863,1392.46076416703,1459.72351761703
"964",1341.04632739233,1403.75429130855,1471.19372501619
"965",1352.00593420005,1415.09744885483,1483.27555074236
"966",1362.85251926471,1426.62819259814,1495.67935299417
"967",1373.97182545375,1438.13467989199,1507.86922498616
"968",1384.9055738297,1449.73437103537,1520.14795626213
"969",1395.92260584168,1461.29212759681,1532.29482622468
"970",1407.08522466678,1472.99322352652,1544.64697055314
"971",1418.25734222856,1484.76356807577,1556.66691838058
"972",1429.14173696272,1496.64123186874,1569.28276790694
"973",1440.25881927525,1508.52662209314,1581.99969297449
"974",1451.41948045444,1520.47682155498,1594.76105465688
"975",1462.86212985294,1532.4906086304,1607.57461117926
"976",1474.33203331563,1544.47738882372,1620.1239144505
"977",1485.66279484009,1556.49354516731,1633.26662083426
"978",1497.00418794613,1568.67358550558,1646.16580192739
"979",1508.40514804397,1580.76150685497,1659.053456557
"980",1519.67111772745,1592.98750834754,1672.13576267638
"981",1531.32984425634,1605.26805752331,1685.42419941908
"982",1542.60731979477,1617.5198592972,1698.33722318611
"983",1553.94868674785,1629.93538805725,1711.55934821815
"984",1565.44368495276,1642.39551472125,1724.84951025454
"985",1576.91457059659,1655.01923356206,1738.29038015266
"986",1588.51480807325,1667.5700671202,1751.53412375607
"987",1600.12061875455,1680.20466302282,1764.80229977553
"988",1611.58330775191,1692.88307250957,1778.2951427998
"989",1623.53989085519,1705.65014749757,1792.30854078189
"990",1635.39996501893,1718.34831613152,1805.89346263687
"991",1647.25004045519,1731.14707164024,1819.59609768671
"992",1659.08495983786,1743.86796553866,1833.54972043773
"993",1670.9667841173,1756.81685309683,1847.20189008943
"994",1682.78787140192,1769.71904681415,1861.04853028131
"995",1694.65418939837,1782.67281428734,1874.60498054115
"996",1706.6030386837,1795.62006594562,1888.37901937459
"997",1718.3548714859,1808.55261011857,1902.18771333226
"998",1730.24975614171,1821.48528806212,1916.14407323351
"999",1742.08099852315,1834.64017716048,1930.3511570154
"1000",1754.20137248095,1847.75722940894,1944.36361237299
"1001",1766.23179761876,1860.8715696827,1958.37471842187
"1002",1778.03770554457,1874.00011390263,1972.85162243755
"1003",1790.13194973748,1887.16318579106,1987.28487859133
"1004",1802.06863011223,1900.44586065963,2001.53380574751
"1005",1813.75751126235,1913.66897046908,2015.81469551756
"1006",1825.94753139843,1926.969405922,2030.18812410569
"1007",1838.22228797256,1940.41365100436,2044.79316494492
"1008",1850.52303424769,1953.70871112888,2059.37954847002
"1009",1862.58015021021,1967.19918036095,2073.92582793949
"1010",1875.02385502343,1980.61069749805,2088.51225297826
"1011",1887.2713081699,1994.11817381918,2103.10190510921
"1012",1899.47874575165,2007.52364924012,2117.76714796605
"1013",1911.33511186994,2020.93250177055,2132.35110270268
"1014",1923.79775961999,2034.43836894116,2147.20739996005
"1015",1936.21944321495,2048.03912928606,2161.89796650184
"1016",1948.53078445274,2061.51657726843,2177.00703402968
"1017",1960.53473062409,2075.06026445797,2191.97688781607
"1018",1972.56066439057,2088.63848658339,2207.06401260151
"1019",1984.72088307158,2102.02507753938,2221.86708503746
"1020",1996.68371684027,2115.70481934533,2236.87854633689
"1021",2009.12604656238,2129.30954980342,2252.16114948957
"1022",2021.37902816992,2142.99412379282,2267.40338448593
"1023",2034.09782083556,2156.69884650804,2282.2687375808
"1024",2046.68408587756,2170.41198150821,2297.62555122618
"1025",2058.96332776353,2184.22006108846,2312.64113181322
"1026",2071.36953743026,2197.92407294933,2328.17023581634
"1027",2083.9588696922,2211.70979914512,2343.44336343469
"1028",2096.14985168051,2225.39328395077,2358.74127146492
"1029",2108.46291602947,2239.20961486917,2373.98811652119
"1030",2120.49686845859,2253.06221302395,2388.99078312055
"1031",2133.17666396664,2266.99099976683,2404.41741856803
"1032",2145.81323416024,2280.84420714174,2419.44507281133
"1033",2158.23152426988,2294.75836897284,2434.82343328577
"1034",2170.82390346949,2308.58421170055,2449.99576786268
"1035",2183.48931723721,2322.55995286571,2464.8873322678
"1036",2196.01153252062,2336.39093918387,2480.53363877096
"1037",2208.45331469021,2350.46183510309,2496.08724435594
"1038",2220.60793982126,2364.40018707884,2511.48678342395
"1039",2232.59093743333,2378.21933587123,2526.58708694268
"1040",2244.96029882005,2392.23229015832,2542.08516767796
"1041",2257.40900905528,2406.13022939884,2558.00900161352
"1042",2269.79837140659,2420.18484571895,2573.34200022389
"1043",2282.069408394,2434.05534361887,2588.99759914253
"1044",2294.43605214347,2447.86804772259,2604.57884549242
"1045",2306.51473655114,2461.93911482515,2620.36871693434
"1046",2318.91795741033,2475.85468667855,2635.75655173772
"1047",2331.01449358417,2489.78988877711,2651.49978471446
"1048",2343.32398744846,2503.7577607876,2667.14904264179
"1049",2356.17675651508,2518.00675177325,2683.17978008126
"1050",2368.56477708789,2532.0609777099,2699.14940954169
"1051",2380.85803865467,2545.98268176316,2714.62025310086
"1052",2392.91440938264,2559.94377400187,2730.60739132383
"1053",2405.15053363573,2573.91748240257,2746.02082639709
"1054",2417.15630148243,2587.83762889535,2761.52485763533
"1055",2429.40551061549,2601.90404420845,2777.50285043225
"1056",2441.48572126028,2615.86324041469,2792.87297528132
"1057",2453.00629374817,2630.13532278946,2808.63037749669
"1058",2464.99141961164,2644.3614530488,2824.4382476677
"1059",2477.21205512321,2658.18796528619,2839.80279764413
"1060",2489.6773171947,2672.31482347939,2856.05374462455
"1061",2501.74708205993,2686.40315381103,2871.67870496652
"1062",2514.08062728612,2700.53655216667,2887.56522337173
"1063",2525.87674163403,2714.70354047261,2903.64435324208
"1064",2537.70897737378,2728.92087489481,2919.98637803178
"1065",2549.9721895613,2743.03717274111,2935.75166425912
"1066",2562.13857285291,2757.12364460542,2951.81658081748
"1067",2574.10544286991,2771.10956842392,2968.154271055
"1068",2586.43325175787,2785.08796661159,2984.33026517041
"1069",2598.49741424935,2799.33976661159,2999.84063466441
"1070",2610.12935198891,2813.57032285848,3015.70935979016
"1071",2622.77673172417,2827.71773912424,3032.13384575547
"1072",2634.42200252214,2841.99770286091,3048.20468924465
"1073",2646.65762695351,2856.19651788525,3064.04148185132
"1074",2658.80388341477,2870.30292538288,3079.99762425337
"1075",2670.97785005331,2884.36574004162,3096.33962275288
"1076",2683.13535946497,2898.27974945092,3112.11224113488
"1077",2695.28948283886,2912.25946639722,3127.89999124457
"1078",2707.75437283663,2926.05246055908,3143.31819752833
"1079",2719.60919655824,2940.0902044903,3159.44091156171
"1080",2731.26581672719,2954.05451090766,3174.934051039
"1081",2742.66415735599,2967.96410728977,3191.74913738042
"1082",2754.85472654933,2981.97197576764,3208.03445684758
"1083",2766.08510003539,2996.02005729547,3222.46731426191
"1084",2777.49507682421,3010.01327890806,3237.61081491941
"1085",2788.899094285,3024.11912414218,3254.61772131336
"1086",2799.85686186658,3038.22109908918,3270.79068225913
"1087",2810.72741360774,3052.07110041726,3286.96840215584
"1088",2822.49775038397,3065.7144526279,3304.11182343446
"1089",2834.55924583509,3079.5390285662,3320.44620471842
"1090",2846.49617650431,3093.32530852266,3336.3765544443
"1091",2857.82039626193,3107.35165648061,3352.4961562145
"1092",2868.9641153505,3121.35487180824,3368.75757116543
"1093",2880.80126989162,3134.87230382593,3385.16375072075
"1094",2892.48984376348,3148.74757419124,3401.87112098513
"1095",2903.96382698022,3162.28397663372,3417.89116003061
"1096",2915.38065515115,3175.93263106843,3433.21592243522
"1097",2927.12945062131,3189.71292293295,3449.54123620823
"1098",2939.11561427832,3203.46663384039,3464.88154076793
"1099",2950.37180332795,3216.94779244276,3481.76344061133
"1100",2962.00485692196,3230.57083154976,3496.57871439949
"1101",2973.71255986677,3244.10447618625,3512.66828202998
"1102",2985.49966945779,3257.60108662917,3528.76911257363
"1103",2996.51319603205,3271.15554764662,3544.86404129672
"1104",3007.56056963077,3284.70917464667,3560.98806712321
"1105",3019.00979808264,3298.3523217931,3576.6852655291
"1106",3030.153410184,3311.94785608418,3592.49381912312
